game_name,img
Garena Rov,https://lh5.googleusercontent.com/xevSppq3eOHukmtsme3GuHa91IStAxHcW6H6oOqjbrw7ac0vxEuOWkE4lA1Fv4Xj83UuFIJ5ApiIYkVnyxupEQuDzM-585Dn-XYq7p0dNthWKBQ71-TyZTQkkCzp8A2JLxX6NDN-gW-t3OddCClTIK5Ih7Fduw
LoL WildRift,https://lh3.googleusercontent.com/KCfCkfllj0fh8d54atemCyn86DrPhfHhk3woN0-Lqd_qqqOgLKpnNSxvt9yCrgIIY2uGCk3KHF9bE_6oes-PoKIXL5nK4Tb_mVws8fCMDxAbCXhK0-tceqxl2HZjPOKy1i5CyRwQsBJuD8KXMeji297OwTqMtw
Cookie Run:Over break,https://lh5.googleusercontent.com/ULvwWq9E1JWrdIj8f2C2hJ8Sffcj67ogk-Y94kZe5FXPPgympKW709qjapevVLi2rLR2Tplbd_gJ0FcD7rTgGFpnc9FSOQ2Uw9IsCCeW6xsMIvKikr88nLlzC-_Mw9qfAO3slrARuV_eWHWz9a_EUbe5Z5mWPQ
Ragnarok X:Next Generation,https://lh4.googleusercontent.com/nNCK32wYzDamDUuFC4hyOzwSBf0X99kQVQwJIfgQUNbY2c5tvZjJD_ZhQQtaZBtXGnewoZNrF-qScwIutJN-tewkOm2z_AqKT83oynPeSLG9w9r_nBkYs0enA8IibY9uOtmmHdobbBRAAnMpeWumBTk5_sAZBA
Line Let's Get Rich,https://lh4.googleusercontent.com/6GkBa-MWI5mT-PYFeXpT1mGuQ5oay3FKH9SmI7JAULtV7D0ey-FHgROcLM_IP0UjIDYZ_U7dzielg89X1X2fImQQKCmeuISywi4R-F00sf91e7dVNYJhdl5K6RnrhyFjkYc_ri59XOGXbBGoA9VbtqAumsCuWQ
Free Fire,https://lh6.googleusercontent.com/fgrhdrmGvCkQP2RR6MU6cceygu0-5Opz-ZnbxFpRwpZ85dxMGIYI1XqPeavwgdtesQekDS6_NZ45jm4xgYZO1FVGlF9MhDaoaBQoKl0mxPSGrHCR1PSgAyA0PVbRCnHWfIb-07gcURDApiTKRcRe-E11Yl27ig
PUBG mobile,https://lh3.googleusercontent.com/YDFN5JOqdrZ6Tjla6FQWvzwASQjhDsww9Stbn7eCe-hSpOiUfH9gErioAmN5_Hdoqnk-CfX7_RQnqAW0JoLrdgcj4CLeZsjbpGvyYapOANSSP9lcm8CYMH4p_YC5nDT47vi7bxlo71c2416HDvTI8UB4hOdSRQ
Meta World: My City,https://lh4.googleusercontent.com/vBl-4HGn5V2VlbgJMtlWfiE1RXm44wOHukWamlvL54D7HTpiQSoixIwGMOmL93RwsnlQ6jFee_JaHhiKLOaxIo7xBLovOWNdkLz6jC4xeMMlsXNEW5ogpswP79Z25WQqv3PDANh21qGTtPTUE7Tol2ekzmPwaA
Roblox,https://lh3.googleusercontent.com/ZyZg-b338YJQCJzU2KLlMEo6sz0wB2SOzQRUSLzKsusAAC2qgAI16htVnK5gN0vLsEtTgLz0dM7OmkX33gKNxwxWVvXPRqXLrGNmOjUJ3GMshgzVuUZAbQuw4hhxUb4YQnddDIt-2p4SODVbB_NrzP8JMdFncg
Minecraft,https://lh3.googleusercontent.com/m6JtAolnJrMTwy6BAeEp8nmJRfpzwFQM5jkvDe1L0pQ9zWAWR0GbfQZa2DHOC7YeQiMC_jMPzAkH5UNOL7Klzo0hGRvB2kDxhlse3incd87x0ShFK9e50RJJAhmYRjA3LEhKwAj0FBYe8OQJ5QvJb0TtiHlgMQ
Rise of Kingdoms,https://lh3.googleusercontent.com/xGPYGIgZYggDM6I_iC0NvF2qYxda8-zOANRQGskjWvCOwLLqXylncdY7nSL4Vg37cGHGqoMMDLRp4ontvzDmVqRDTNgAiGVMyfhwC2uontreJJhrDuHlP1QEs0Sk9v3m-6O0ZtEHLgarbWnV8PFFBfRR6xBXzA
Hay day,https://lh6.googleusercontent.com/QOe3v-bTDOc5Xl_i4UPV-VFPgDjSqReqfiFYqsJswNJUCSJ_oTeMKhLs7DW6OLSrHskcbVfk0ebqHhjdAYKHswA4vzNGSqVt9oV-M_k-oQMEhylwC4tejRT4ZjF2xo0G6kk4j3lwzOGjzvU_JyZWKDRDyqZtNw
MU origin 3,https://lh6.googleusercontent.com/w6GoOjERtOqIIvRWw29T7vm2UE0jzlB4012RQw6fk6a5sNs-Rxz6zplrXMRPUFvTw_wZfFp2U3kZce46TxEaOH2c1Pb98RQ7hkrQlqP1X2EkYNbZqhJdS4t9b0oIThiJ90UKS6EwW65u_29YSgN6XScxINzQRw
Clash of Clans,https://lh4.googleusercontent.com/hPW6rqfwWz8FWNd1fEwoRcqtZ8ugFzxTBs5e4LW-usk5yCNi6Gr2RfPaMwl7fLqcO7abuFR7GelUzqlKf1Jha7POXvfcAGYATx1NuFELXWri-jWNM7MkI_N436vZYtSCyyDn4JXPIPttFidJpqh7Sbz2Mot5kg
Blade&Soul Revolution,https://lh5.googleusercontent.com/uGLSKEDWoVOBviskSGkwFa_GAhgTnZfqUaQDpAx1sFmgDk3lgcLmhJZ83v9u3GVx2x70ohJX14oRKpN-w-vMyUvrIx1B4pel38hluP6rVNv9RjOSrioi0A0buVWsxfxyKvbcq6b_AzOfseVnpBnx5svtbreIkA
Summoners War,https://lh6.googleusercontent.com/T73uMklz2FmdCXFTs_b0ngvQKnZ0Rc5_U1SOsGPjHS7C2oQIZqlGRsM--iZxrZJoW8vZrP0ic1kkwex-y7-xlq-Oym2dnQESRPSHFDZnQK5DzVjSkMZQmsD2zIaD_u8ss_xcJNijw_Jrhfa6MGA9Cs3N4tBFPg
Genshin Impact,https://lh6.googleusercontent.com/tYfSG2rKfdWajc5MHpdLumnv8MLuujxcXJ17HKqfYgzvBMm9ZNEqKGCbpS8EW8b3HLLVNX3tZAUW_OwI3Rjf7-oHQ49fbQOOopatm9L1u_xwKo_bNNi_YqJZvvPXYCsTGvBMHYRrc7-Vlw_qzA3CgVm_RtC20Q
Pokemon GO,https://lh5.googleusercontent.com/gAyIkdXqcKoMESq-IuOvEt6U2-aleIkiW0-5qnObVGSRwH3jaDZ1IJyBcr3GEWNHGq_Wj9lxbPJ6xsEeGs4bt8A9uSkyh29dOMZ4kaKxEj5JHntjmGhs_az6eDSIvaBt2xJByMsSDa3z9tN1Prh1j7oEX5AHGQ
Family Island - Farming game,https://lh6.googleusercontent.com/caZQxPcYnwaw6zQTYlXPY4vNZyLPGWndP-Ob7ngOvm8Y-k0tYY5iJtpgwh8Cw0Wi3ejgvftzuc1HaHMcpuI1ZGaF0cwMeGoSAACIc4xvtD7jH9UMwF49aEa-nLBJ7vbreXJIgLrM_5W1d_zG-9qBPJ2hH4Bk9w
CarX street,https://lh4.googleusercontent.com/s3ujYSy1adbRr737aH3bMJTH37K3qYYpNYrXQlDKNrXtysxx_R9a9jkpV4hGtqXoxO_C89A5ncyOK6i0ho09ej_U_vgmysA4Ezbf96c-FCAS_9mRIR533mNFgdFpTIjIKQ6OqqIcXrlbItg3XAnbCaBm2gTiPQ
FIFA Football,https://lh6.googleusercontent.com/a14MGXUopuygtPxNmH1UvhmpYTc9NzL9eH5j8WXUSWSt4J8jiCtnek-vGFQ_8q8n-iWjfKvXJXaJrznJ0PX3qfGW2Ekx6R2W3kzEQkkyVuAy602nslzphv6BCPlY2wDHWt0ilB01t-wcQporgHR6nVFCFQ2new
Candy Crush Saga,https://lh3.googleusercontent.com/jf7GK-kLhNJRkp0zTTGSSuMA877iPm8AJo_LjAZJUTM7dfmfJ3Ak1rEtk49c0zWxCGuHzD57iWES7L1vJ3XYZVZsB_dxgTt8pFhmoFJM2AZN85xt8iRhvB48ePGJBpdGHOZ5KKmy6EXR511u2gCGBoDdZm8nSw
My Hotpot Story,https://lh4.googleusercontent.com/ZZneHqk1rP-QLjqODE-QphL63ySwP56uijJAFx0QE2FFeX3X5SW0WPWZ2Xg_uiycpb4woD9pE_d_SYC9Bu1BQNpkqV1iHOzzj3rL0tbcL5xfMvj6R8YCAd1p0KtoMG2qDEnAh6G-vq0kmzSxD1eiqYgD87KEwQ
BoomZ Origin,https://lh5.googleusercontent.com/JSp-6ijyE-yeJnWjCJvxAwIAh6laBqw-25rY2JZlpk_cE_Xd79idcLFqne4MFVQxS6UAWxyNzkpemzxitAHaolCtq5oViQuez8ZAEaVj8wrv7bHUjW_BPe4n102PqXIhFmI30NRI8rOhvRREvcdu9Byvf5HgiA
Subway Surfers,https://lh5.googleusercontent.com/i0vAqu1hxS9MXhNqF1D8ApLKTro5XWFEcHpJXOXjQ61HxgO4uXyzfrESxE8mKwfQyD5sWX4Z2zxupYpnhzABHYR68qmFYALuPr8PrBG9-m97IsgXKZIaUEeEbNEPNMCTgUUeS5BCam5-0DNVCpfNkxVum27t0Q
Line Chef,https://lh3.googleusercontent.com/6xHiwt9UEanvC7FFEVMVwTe-bz8kskmviZw9BaJM3ScRlNPsqdzjOXNqzFM6MHheublYRCaG9388R_qujcZndNI09kkHwXj8KTFft7DsGq-23Mm-Dmy9F3lgDXQwha4OWzXAJFYEoQ5Bkfq951kKwDN-qaGUJA
PlayPark StreetBallers,https://lh5.googleusercontent.com/4i4hQa_tmJjmqqKGfQcG7Zp35ZzH1BZY5swngSGjuLtAhOb1TWGTMBgZ9fzJfx-HStn4EO2DhZ9tErL3Q-bd3ixMJ3qu-m948TDPl6MyuLiWMhzYZ9Fm3e71FqEhLsskETBKAuIvzdNZtQhEONyOXxCZ72OiGw
Cat Snack Bar : Cat food games,https://lh4.googleusercontent.com/50Mzlg2eCBfMHV_I_LzjiY3SNiSlnaEAKsJ6NVh6qbkGT757ZRZcyCPW6l8i2ZreJLhhpQzhckVo5FB5lbX618wdjymLgEo1XIZoBkqCWMlNdDHk-RVXKj1s8D010tTv-owDeQVbS5KUANtf2DPEJeRl-i_gFw
8 ball pool,https://lh3.googleusercontent.com/2NMUR2vaJRfJD3dMn-s8idZesNNH4tHLCx_HtyYIzFtJMd-t5pc_OLNNXX5pBzcUoydU6KZBjcnre5ZGNuf4K2F17drxoFMDWkVIT68Po9Qmfp8HtO4Gw0xRAvFMpLMx3ClS7NJ1RrQv_ma-qSS1XtuwlnT0sQ
Among Us!,https://lh4.googleusercontent.com/DvLlRiXWhsfTConhEgqkiT2enqYY95MrlX979kTyutz7_5ReWqOSHPEOK4kBa61p5y0XINCu9OjP-pwI-yRhgtNr9u74a682cZJZzZeu9v4-H6CUYAZovN28W44iP_CbG_iB3pQe19dv7BCT0PMNUHCJ4n3mDQ